question,answer,retrieved_sources
How to improve SEO ranking?,"Based on the retrieved information:

[Как работает поисковая оптимизация (SEO)?]: SEO (Search Engine Optimization) — это процесс улучшения видимости сайта в органических результатах поисковых систем, таких как Яндекс и Google. Оптимизация делится на три ключевых направления: техническое (скорость загрузки, мобильная адаптация, структура URL), внутреннее (качественный контент, мета-теги, заголовки, внутренняя перелинковка) и внешнее (получение авторитетных обратных ссылок). Поисковые системы испо",Как работает поисковая оптимизация (SEO)?; Что такое цифровой маркетинг?
What is content marketing strategy?,"Based on the retrieved information:

[Как работает поисковая оптимизация (SEO)?]: SEO (Search Engine Optimization) — это процесс улучшения видимости сайта в органических результатах поисковых систем, таких как Яндекс и Google. Оптимизация делится на три ключевых направления: техническое (скорость загрузки, мобильная адаптация, структура URL), внутреннее (качественный контент, мета-теги, заголовки, внутренняя перелинковка) и внешнее (получение авторитетных обратных ссылок). Поисковые системы испо",Как работает поисковая оптимизация (SEO)?; Что такое цифровой маркетинг?
How to set up targeted advertising?,"Based on the retrieved information:

[Как работает поисковая оптимизация (SEO)?]: SEO (Search Engine Optimization) — это процесс улучшения видимости сайта в органических результатах поисковых систем, таких как Яндекс и Google. Оптимизация делится на три ключевых направления: техническое (скорость загрузки, мобильная адаптация, структура URL), внутреннее (качественный контент, мета-теги, заголовки, внутренняя перелинковка) и внешнее (получение авторитетных обратных ссылок). Поисковые системы испо",Как работает поисковая оптимизация (SEO)?; Что такое цифровой маркетинг?
How to automate email marketing?,"Based on the retrieved information:

[Что такое email-маркетинг и как его автоматизировать?]: Email-маркетинг — это инструмент прямого взаимодействия с аудиторией через персонализированные рассылки, направленные на информирование, вовлечение и конвертацию подписчиков в клиентов. Эффективность зависит от качества базы (сбор через лид-магниты, двойное подтверждение), сегментации аудитории по поведению и интересам, а также релевантности контента. Автоматизация позволяет настраивать триггерные цепоч",Что такое email-маркетинг и как его автоматизировать?; Что такое цифровой маркетинг?
How to optimize website conversion rate?,"Based on the retrieved information:

[Как работает поисковая оптимизация (SEO)?]: SEO (Search Engine Optimization) — это процесс улучшения видимости сайта в органических результатах поисковых систем, таких как Яндекс и Google. Оптимизация делится на три ключевых направления: техническое (скорость загрузки, мобильная адаптация, структура URL), внутреннее (качественный контент, мета-теги, заголовки, внутренняя перелинковка) и внешнее (получение авторитетных обратных ссылок). Поисковые системы испо",Как работает поисковая оптимизация (SEO)?; Что такое цифровой маркетинг?
